{
  "cohort": [
    "ssdf_sp800_218_v1_1",
    "cis_controls_v8_1_2",
    "owasp_samm_v2_1",
    "cwe_software_development_view_v4_19_1"
  ],
  "n_rows_per_source": {
    "ssdf_sp800_218_v1_1": 76,
    "cis_controls_v8_1_2": 327,
    "owasp_samm_v2_1": 278,
    "cwe_software_development_view_v4_19_1": 405
  },
  "global_top1_distribution_by_level": {
    "ControlObjective": {
      "n": 1086,
      "min": 0.08682428300380707,
      "p10": 0.28995339572429657,
      "p20": 0.3425595760345459,
      "p30": 0.37828370928764343,
      "p40": 0.4109674096107483,
      "p50": 0.4479791224002838,
      "p60": 0.47841912508010864,
      "p70": 0.5042909383773804,
      "p80": 0.5398896932601929,
      "p90": 0.590833842754364,
      "max": 0.7589319944381714,
      "mean": 0.44145382306852393,
      "std": 0.11978425574803227
    },
    "Practice": {
      "n": 1086,
      "min": 0.08380208164453506,
      "p10": 0.28052228689193726,
      "p20": 0.3395875096321106,
      "p30": 0.37806734442710876,
      "p40": 0.4144279360771179,
      "p50": 0.4466699808835983,
      "p60": 0.4774892330169678,
      "p70": 0.5057903826236725,
      "p80": 0.5355008244514465,
      "p90": 0.579796314239502,
      "max": 0.7824076414108276,
      "mean": 0.4379334207727106,
      "std": 0.11792287640248597
    },
    "Mechanism": {
      "n": 1086,
      "min": 0.06280332058668137,
      "p10": 0.25648511946201324,
      "p20": 0.33363568782806396,
      "p30": 0.37754887342453003,
      "p40": 0.4081895351409912,
      "p50": 0.4355885982513428,
      "p60": 0.465503066778183,
      "p70": 0.4883589744567871,
      "p80": 0.5253192186355591,
      "p90": 0.5746691823005676,
      "max": 0.735061526298523,
      "mean": 0.4265550656748411,
      "std": 0.11668141422580167
    }
  },
  "margin_distribution_by_level": {
    "ControlObjective": {
      "n": 10860,
      "min": 5.811452865600586e-06,
      "p10": 0.0053344607353210454,
      "p20": 0.011162090301513673,
      "p30": 0.017488788068294524,
      "p40": 0.024626299738883976,
      "p50": 0.033198609948158264,
      "p60": 0.043032675981521606,
      "p70": 0.05459714829921721,
      "p80": 0.07193444669246674,
      "p90": 0.10102773010730744,
      "max": 0.42080438137054443,
      "mean": 0.0451267966414668,
      "std": 0.04291068436915617
    },
    "Practice": {
      "n": 10860,
      "min": 5.558133125305176e-06,
      "p10": 0.0061638131737709045,
      "p20": 0.012298953533172608,
      "p30": 0.019244854152202603,
      "p40": 0.027559667825698853,
      "p50": 0.03629882633686066,
      "p60": 0.04697637557983398,
      "p70": 0.06019674390554426,
      "p80": 0.07753859162330631,
      "p90": 0.10836111903190614,
      "max": 0.3981095850467682,
      "mean": 0.04869477248302117,
      "std": 0.04448821337047036
    },
    "Mechanism": {
      "n": 10860,
      "min": 7.748603820800781e-06,
      "p10": 0.005914998054504396,
      "p20": 0.01222125291824341,
      "p30": 0.01966748535633087,
      "p40": 0.027357578277587894,
      "p50": 0.036830440163612366,
      "p60": 0.04714446663856505,
      "p70": 0.06054953187704084,
      "p80": 0.07843385934829712,
      "p90": 0.1077454686164856,
      "max": 0.31545475125312805,
      "mean": 0.0486246000146206,
      "std": 0.04383316688963071
    }
  },
  "chosen_thresholds": {
    "e2_per_level": {
      "ControlObjective": 0.4109674096107483,
      "Practice": 0.4144279360771179,
      "Mechanism": 0.4081895351409912
    },
    "e3_per_level": {
      "ControlObjective": 0.043032675981521606,
      "Practice": 0.04697637557983398,
      "Mechanism": 0.04714446663856505
    },
    "e2_pct": 40,
    "e3_pct": 60
  }
}